customer_id,name,email,location,join_date
1,Ariel Mcneil,johnsondanny@gmail.com,South,16-06-2021
2,Jonathan Esparza,manueljackson@martinez-white.com,West,17-06-2020
3,Mr. James Gordon DDS,aaron09@hotmail.com,North,18-07-2023
4,Heather Kelly,ocrawford@gmail.com,South,16-01-2023
5,Michael Mendoza,morganerika@hotmail.com,South,03-09-2021
6,Matthew Diaz,velasquezbrett@gilmore-bell.biz,North,14-01-2020
7,Fernando Williams,robinnelson@hotmail.com,West,21-11-2021
8,Tracy Pacheco,stephen94@porter-thompson.net,South,29-05-2021
9,James Brown,msmith@brown.com,North,09-08-2023
10,Mrs. Patricia Flores,edwardsluis@yahoo.com,West,16-05-2020
11,Deborah Davis,juliabennett@rose.net,South,02-02-2022
12,Nicole Cherry,smithcharles@montoya.com,South,01-12-2021
13,Robert Solomon,pshaw@yahoo.com,West,12-07-2020
14,Jennifer Hendrix,angela48@jones-king.net,East,17-03-2023
15,Christopher Cain,casey98@roberts.biz,Central,20-05-2021
16,Mark Roberts,mjackson@hotmail.com,East,04-02-2022
17,Holly Hernandez,bridget43@yahoo.com,West,04-09-2023
18,Tanya Johnson,hcosta@gmail.com,South,16-03-2022
19,Jonathan Manning,ashley83@hotmail.com,Central,23-12-2020
20,Jade Bender,rachel99@trujillo-hughes.biz,West,28-06-2023
21,Maria Cantu,frederickanthony@shaw.com,North,03-10-2021
22,Edward Brooks,leekatrina@mills-kent.net,Central,22-11-2020
23,Edward Brown,james55@perry.com,North,29-12-2022
24,Debbie Bowen,adkinspenny@hotmail.com,East,25-04-2022
25,Michael Day,kimberly97@arias-bradford.net,Central,10-07-2020
26,Joseph Donaldson,mauricebutler@owen.com,East,21-11-2020
27,Michael Jones,brownchad@yahoo.com,South,29-06-2020
28,Charlene Davis,rodriguezdonald@riddle-wade.com,East,12-06-2020
29,Dwayne Hansen,esmith@gmail.com,Central,11-02-2022
30,Dustin Thompson,joshua41@yahoo.com,East,28-05-2020
31,Michael Lee,nramirez@hotmail.com,Central,24-01-2020
32,Elaine Carter,kimberlywalker@strickland.net,West,28-02-2022
33,Adam Santana,shannon09@hotmail.com,West,22-01-2021
34,Danielle Berry,lisaklein@klein.biz,Central,20-06-2020
35,Kenneth Miller,cookrachel@hotmail.com,East,08-08-2021
36,Jonathan Johnson,martinezjasmine@allen.org,East,17-03-2022
37,Ryan Williams,chelseastanton@navarro-robinson.biz,Central,03-11-2021
38,Katherine Martinez,kdavidson@gmail.com,North,20-09-2022
39,Dwayne Gonzalez,hernandezedgar@gmail.com,South,29-10-2023
40,Jennifer Simmons,holly78@ryan.biz,South,27-05-2023
41,Christopher Maxwell,christopher97@hotmail.com,East,01-10-2021
42,Jacob Pham,kimberly55@gmail.com,South,25-08-2020
43,Christopher Anderson,jbecker@yahoo.com,East,30-03-2020
44,Christine Jones,katelynherrera@powers.com,West,15-09-2023
45,Valerie Boyd,bvaldez@yahoo.com,North,12-02-2022
46,Nicole Dean,stoutdylan@gmail.com,Central,11-07-2020
47,Hannah Wade,amy55@gmail.com,North,16-04-2022
48,Mrs. Megan Russell,jonathanfarrell@hotmail.com,South,08-03-2021
49,Joseph Small,michaelhammond@welch-smith.com,East,20-07-2021
50,Jake Green,james98@short.com,South,14-07-2021
51,Joseph Anderson,kmontgomery@preston-flores.com,South,19-11-2022
52,Dylan Chang,jamie72@yahoo.com,West,03-12-2021
53,Billy Martin,andrewmercado@adams.com,West,25-07-2021
54,Vanessa Martin,wtaylor@spencer-maxwell.com,Central,22-06-2020
55,Jane Macias,cruzzachary@yahoo.com,South,25-01-2020
56,Phyllis Brown,rthompson@gmail.com,East,11-05-2020
57,Justin Blake,nchapman@hotmail.com,Central,16-09-2020
58,Wendy Sanders,wjenkins@james-hernandez.com,East,21-05-2022
59,Roberta Dixon,wendy81@wilson-powell.info,West,21-12-2020
60,Vicki Price,burtonlisa@yahoo.com,East,19-07-2022
61,Patrick Robertson,deanna64@gmail.com,North,22-06-2020
62,Theresa Sanchez,garretttroy@lawrence.net,East,20-09-2020
63,James Reyes,zobrien@sanders-rodriguez.com,East,28-08-2021
64,Barbara Mckenzie,daniel05@foley-thompson.biz,West,29-03-2023
65,Ryan Martinez,tuckervictor@ward.com,West,06-10-2023
66,Jared Day,hmoore@yahoo.com,West,24-06-2021
67,Janice Moore,alyssaaguirre@gmail.com,North,02-09-2023
68,Robert Garcia,jonesbrooke@gmail.com,East,05-09-2022
69,Daniel Harris,pdominguez@garcia.org,East,19-08-2020
70,Aaron Arnold,snguyen@hotmail.com,Central,04-07-2023
71,Dominic Martinez,iweiss@ramsey.com,Central,18-04-2022
72,Timothy Rowe,heidi93@moses.com,Central,27-06-2020
73,Robert Sanchez,amandamartin@yahoo.com,North,09-07-2020
74,Sean Murphy,lewisjacob@hotmail.com,Central,18-12-2022
75,Stephen Armstrong,christophermckay@walker.com,South,07-01-2023
76,Robin Alvarez,tlawson@key.com,North,20-02-2023
77,Barbara Wood,vincentalvarado@wilson.com,East,11-06-2020
78,David Mitchell,vkelly@thompson.net,North,11-11-2021
79,Tasha Grant,christopherhanson@nichols.com,West,02-11-2021
80,Tom Yates,millerpatricia@yahoo.com,South,07-06-2020
81,Tracy Schneider MD,enorman@yahoo.com,South,21-04-2022
82,William Atkins,gonzalezgary@howard.org,West,30-06-2022
83,Leonard Montgomery,gtaylor@brown.com,North,30-05-2022
84,Donald Holder,kirkdebra@hotmail.com,East,28-10-2023
85,Regina Cabrera,krystalbrown@thompson-robinson.info,North,28-11-2020
86,Amber Baker,michelle81@gmail.com,Central,11-04-2022
87,Mary Snyder,sanfordbrenda@hotmail.com,West,28-06-2023
88,Brian Vega,lauraward@hotmail.com,West,23-04-2023
89,Adam Bailey,audreyvelez@gardner-barrett.com,Central,13-12-2022
90,Eric Diaz,kleinemily@mejia.com,North,25-12-2020
91,Andrea Warren,brian83@hotmail.com,East,11-07-2022
92,Austin Richardson,john72@gmail.com,West,15-02-2021
93,Samantha Taylor,watsonchristopher@hotmail.com,South,04-08-2023
94,Melissa Jones,erin73@gmail.com,South,22-12-2022
95,Aaron Rogers,richardroberts@carey.com,East,23-04-2020
96,Natasha Travis,iryan@gmail.com,West,26-06-2022
97,Phyllis Brown,benjamin89@bell-montgomery.com,Central,01-09-2023
98,Alicia Ashley,jonathan05@wright.com,South,17-05-2021
99,Kristie Elliott,vrandall@yahoo.com,Central,22-06-2021
100,David Potter,qmeadows@perez.com,Central,17-02-2020
101,Cody Smith,john75@yahoo.com,Central,22-08-2022
102,Deborah Rogers,jasonmayo@hotmail.com,Central,07-02-2022
103,Jeremy Williams,natashahouse@hotmail.com,South,03-08-2020
104,Luis Munoz,fergusonjose@yahoo.com,North,09-09-2023
105,Taylor Lee,justinmccarty@yahoo.com,North,04-05-2023
106,Megan Barnes,jonathanbraun@yahoo.com,Central,25-04-2020
107,Jeanette Walker,jasonjones@yahoo.com,Central,18-09-2021
108,Wendy Barrett,jenniferproctor@gmail.com,East,13-04-2020
109,Kaylee Long,salinaspatrick@griffin-hart.com,West,05-09-2021
110,Alicia Thomas,adam84@everett-mitchell.org,West,15-03-2020
111,Dennis Scott,alejandra90@young.com,Central,24-10-2020
112,Alec Coleman,katherine45@yahoo.com,West,19-09-2022
113,Ariel Burnett,david44@wilson-bass.net,Central,29-06-2023
114,Louis Frank,josephbonilla@gmail.com,South,29-06-2021
115,Tara Miller,charrison@hodges.com,East,24-07-2021
116,Crystal Simpson,ievans@mckay.com,North,24-02-2022
117,Jason Green,paularogers@black-marshall.com,Central,01-06-2020
118,Bonnie Williams,william59@yahoo.com,South,10-06-2021
119,Sandra Long,browndustin@gmail.com,East,24-10-2021
120,Eric Wheeler,samanthabass@yahoo.com,North,23-10-2021
121,Christina Gonzales,julianhicks@yahoo.com,East,08-02-2022
122,Anna Owen,tarahampton@gmail.com,East,03-08-2022
123,Amy Hill,steven14@yahoo.com,Central,02-07-2020
124,Melissa James,stanleyjames@gmail.com,East,13-07-2022
125,Katherine Cooper,josephcook@gmail.com,West,11-06-2023
126,Steven Mora,henry11@stevens.biz,Central,10-11-2022
127,Timothy Mcknight,xaguilar@bowman-armstrong.info,North,27-09-2023
128,Marc Fields,mike90@gmail.com,East,13-07-2023
129,Jason Brooks,pjohnson@gmail.com,East,15-05-2023
130,Jennifer Martinez,williamsmelinda@carpenter.info,South,18-12-2022
131,James Chen,ashlee43@dillon.com,East,27-05-2023
132,Christine Hernandez,jjohnson@johnson.biz,West,03-12-2021
133,Heather Smith,ttodd@flores-mitchell.com,East,05-12-2021
134,Michael Wagner,whitneydawn@hotmail.com,East,20-09-2021
135,Jeremy Marquez,tmyers@hotmail.com,North,16-09-2021
136,Kathleen Todd,mcummings@chase-smith.com,East,07-04-2022
137,Kelli Farley,patrickblake@sullivan-flynn.com,South,06-09-2021
138,Diane Higgins,shannon39@gmail.com,East,07-11-2022
139,Christopher Snyder,karenhamilton@hotmail.com,Central,20-10-2020
140,Nathan Olson,susanriggs@taylor-oconnor.com,East,17-01-2021
141,Matthew Garrison,eatonantonio@gmail.com,East,29-06-2020
142,Matthew Harris,john66@jackson.com,East,03-05-2021
143,Rhonda Simpson,htrevino@aguilar.com,West,05-12-2020
144,Lisa Bailey,zwalters@hotmail.com,East,22-08-2023
145,Jessica Terry,annecraig@hotmail.com,South,19-06-2021
146,Eric Meadows,chelsey24@arias.info,South,04-05-2023
147,Alyssa Howard,malonecrystal@hotmail.com,Central,07-01-2022
148,Elizabeth Conley,bradley34@gmail.com,West,05-06-2020
149,Allison Montgomery,cameronjames@johnson.com,South,25-11-2021
150,Daniel Dalton,garrett35@chavez-henderson.info,West,08-08-2020
151,Donald Walters,tclark@yahoo.com,North,17-08-2023
152,Crystal Jones,owaters@wallace.com,East,20-06-2021
153,Brianna Nguyen,kenneth18@hamilton.com,West,28-07-2021
154,Emily Pierce,mariahmcintyre@hotmail.com,Central,22-03-2023
155,Kaitlyn Sandoval,craigbrandon@yahoo.com,Central,04-10-2021
156,Christopher Kelly,meganwalter@martin.com,West,14-11-2021
157,Whitney Stewart,pattersonkathleen@hotmail.com,South,30-01-2023
158,Rebecca Roberts,jessica50@hotmail.com,North,27-09-2023
159,Jonathan Garcia,sarah50@stanley.com,West,05-10-2023
160,Angela Michael,jeffrey31@gmail.com,East,19-07-2021
161,Linda Mitchell,penningtoncarl@hotmail.com,East,02-06-2022
162,Richard Smith,snyderdarlene@gmail.com,North,01-05-2020
163,Scott Torres,dward@yahoo.com,West,28-10-2020
164,Carol Baker,stephanie20@freeman.com,South,09-09-2022
165,Jonathan Smith,austintucker@hotmail.com,South,11-03-2020
166,Megan Carter,nicholas09@hotmail.com,North,23-07-2020
167,Michael Lopez,whitejessica@short.com,West,16-04-2022
168,Yvonne Ward,joshua97@hawkins-herrera.com,Central,04-06-2023
169,Kendra Castillo,bradleycaldwell@andrews.com,East,02-03-2021
170,Kenneth Wilson,corykennedy@yahoo.com,East,18-01-2021
171,Ryan Cain,amanda72@hotmail.com,East,23-06-2020
172,William Tate,ryanmiller@yahoo.com,South,20-08-2021
173,Paige Smith,paulschmidt@henderson.com,East,20-07-2020
174,Regina Gonzalez,isaac58@garcia-butler.org,East,19-08-2023
175,Michael Cameron,amber80@gmail.com,North,07-02-2022
176,Tina Avila,douglasjordan@hotmail.com,North,04-09-2023
177,Anna Butler,achandler@hotmail.com,Central,30-08-2021
178,Mathew Reed,matthew13@johnson.com,East,01-11-2023
179,George Richardson,thomas43@hotmail.com,South,15-04-2021
180,Benjamin Espinoza,jerome88@hotmail.com,Central,29-03-2020
181,Christopher Williamson,nguyenkayla@gmail.com,West,07-01-2023
182,James Jackson,renee33@scott.com,North,19-07-2020
183,Dr. Kevin Parker,richard55@brooks.com,West,10-08-2021
184,Catherine Wade,danielle80@hotmail.com,North,11-04-2022
185,Roy Irwin DDS,mario71@thomas.com,East,19-03-2023
186,Justin Branch,donnacunningham@patterson-bailey.org,West,23-01-2023
187,Michael Madden,jonesmatthew@murphy-bauer.com,West,15-05-2020
188,Patrick Moyer,jamesmartin@hotmail.com,North,02-10-2023
189,Michael Boyd,williamsthomas@hotmail.com,North,18-08-2023
190,Angela Johnson,glasslawrence@hotmail.com,East,01-09-2020
191,Andre Perry,usmith@clarke.biz,South,22-05-2023
192,Seth Martin,kelleychristopher@vazquez.biz,West,10-08-2022
193,Tiffany Garcia,bhorne@cruz-myers.com,East,07-05-2021
194,Jay Simon,kristigarcia@hotmail.com,South,03-09-2020
195,Kelsey Davis,aaron66@smith.com,South,04-10-2023
196,Michael Smith,reedashley@smith.com,North,07-08-2023
197,Eileen Cordova,lorirobinson@gmail.com,East,08-12-2021
198,Laurie Willis,matthewellis@nunez.biz,West,10-09-2022
199,Richard Downs,ernestbutler@hotmail.com,West,22-02-2021
200,Lisa Cameron,calebstark@brown.com,West,28-01-2022
201,Stacey Ball,juliamcgee@yahoo.com,South,18-02-2023
202,Erika Smith,merrittmarissa@hotmail.com,South,13-01-2021
203,Sierra Bass,mckeeanthony@carr.com,East,26-09-2021
204,Sandra Hawkins,phillipdurham@reese.org,South,08-12-2021
205,Karen Lewis,ddixon@hotmail.com,East,30-12-2021
206,Wendy Brown,theodorecampbell@hotmail.com,East,13-02-2023
207,Carrie Morris,austinwhite@gmail.com,Central,12-03-2021
208,Gail Lawrence,weberkaren@bradley.com,South,10-12-2020
209,John Stewart,nguyenjeffrey@yahoo.com,West,01-08-2021
210,Steven Ingram,tracilee@duran.com,North,31-08-2023
211,Randy Phillips,nathan80@yahoo.com,West,30-07-2023
212,Steven Morrison,kroberts@ramirez.biz,South,03-09-2021
213,Jennifer Lewis,molly98@yahoo.com,Central,11-08-2020
214,Todd Mills,pearsonwilliam@vasquez.org,East,08-05-2023
215,Bryce Miller DDS,alexaguilar@hotmail.com,West,15-08-2020
216,Mark Ortega,williamsderek@reynolds-ware.com,North,05-10-2022
217,Anita Chen DVM,josephporter@ferguson.net,North,23-01-2021
218,Daniel Holmes,tdavis@yahoo.com,South,26-08-2021
219,Gregory Hill,lori17@yahoo.com,East,01-12-2022
220,Jacqueline Wang,elliottjoseph@coleman.net,East,13-08-2022
221,Tami Delgado,mlopez@hotmail.com,East,14-05-2023
222,Lori Johnston,ahoward@hotmail.com,West,28-08-2023
223,Michelle Leonard,nicolas43@edwards-williams.com,North,30-10-2020
224,Judy Welch,waynehanson@clark.com,West,24-01-2021
225,Deborah George,danielherman@yahoo.com,Central,23-09-2021
226,Nathan Walton,daniel44@vargas.com,North,18-03-2020
227,Sean Russell,ncastro@gmail.com,South,11-03-2023
228,Kenneth Kane,kevin09@yahoo.com,East,16-08-2021
229,Brittany Holder,mschaefer@yahoo.com,Central,30-12-2022
230,Nicholas Acosta,nicholas84@thomas-turner.biz,East,25-03-2020
231,Daniel Skinner,john65@francis-oliver.com,North,24-03-2022
232,Diana Garcia,sandersdonald@yahoo.com,Central,24-07-2023
233,Craig Moore,fsharp@gmail.com,East,05-07-2020
234,Michael Bowman,ckennedy@yahoo.com,South,31-03-2022
235,Maurice Miller,amandafox@woods.com,Central,13-12-2020
236,Matthew Thomas,yrogers@gmail.com,Central,04-06-2020
237,Emma Mccoy,marvin63@hotmail.com,South,25-11-2020
238,Mr. Brandon Larsen,davisvictoria@gmail.com,North,27-11-2020
239,Jason Ford,kanderson@matthews.com,North,18-12-2020
240,Jill Singh,fadams@davis.com,East,25-07-2021
241,Jay Harrison,robert48@hotmail.com,Central,21-07-2021
242,Wendy Reed,elawrence@gmail.com,East,29-03-2021
243,Stacy Thompson,yuchristopher@yahoo.com,West,11-10-2021
244,Caroline Mooney,jonathan11@gmail.com,Central,05-08-2020
245,Jacqueline Martin,smithangela@hotmail.com,Central,02-11-2021
246,Angela Perez,jaysnyder@robbins-williams.com,North,20-05-2022
247,Marc Lane,paynetiffany@hunter.info,Central,18-11-2022
248,Linda Webb DDS,ywilliams@walsh.biz,North,15-07-2020
249,Jacob Garcia,rebeccachristensen@hotmail.com,Central,12-06-2022
250,Sara Little,ewalker@shepard-anderson.org,North,01-11-2022
251,Linda Newton,bglenn@gmail.com,Central,23-07-2020
252,Lauren Pierce,ifreeman@mcdaniel.info,South,26-04-2021
253,Jason Thompson,monique68@ruiz.com,Central,09-06-2023
254,Tracy Johnson,rebecca67@yahoo.com,East,05-03-2020
255,Anthony Luna,leesweeney@sanders.org,West,15-06-2022
256,Mrs. Victoria Dixon DDS,lindseyjonathon@yahoo.com,North,13-01-2022
257,Connie Olsen,eric87@farley.com,North,22-05-2022
258,Eric Mora,kcruz@schneider.com,North,28-12-2020
259,Vincent Hanson,shorne@dawson.org,West,25-01-2022
260,Annette Rodriguez,kward@bates.com,Central,20-04-2022
261,Melissa Campbell,jennifer74@gmail.com,North,21-10-2021
262,Jacob Watkins,brandon35@gmail.com,West,27-08-2020
263,Christopher Davis,melissa25@yahoo.com,West,13-11-2022
264,Nicholas Benjamin DDS,fisherpamela@roberts.com,West,07-01-2020
265,Jason Gamble,victorramos@yahoo.com,East,30-06-2021
266,Cathy Christian,cruzjohn@gmail.com,North,09-06-2021
267,Linda Potter,heather44@gmail.com,North,23-06-2023
268,Vanessa Cole,susan90@gmail.com,Central,30-01-2022
269,Danny Thomas,christopher97@young.org,East,15-04-2021
270,Kristopher Moore,james33@hotmail.com,West,14-11-2021
271,Taylor Wright,snolan@bryan.com,North,27-01-2022
272,Joseph Torres,victoria47@lawson.info,Central,01-06-2022
273,Steven Thomas,jeffrey67@hotmail.com,West,11-06-2020
274,John Thomas,rachel14@hotmail.com,South,08-10-2022
275,Jimmy Davis,rodriguezjessica@hotmail.com,North,27-02-2020
276,David Moore,ccasey@yahoo.com,North,03-03-2021
277,Jason Gaines,stephanie54@reynolds.net,East,19-08-2021
278,Kathy Harmon,dawn46@gmail.com,West,01-06-2021
279,Cindy Tanner,james50@morton.com,Central,16-08-2022
280,Jonathan Franklin,jimmy06@martinez.com,Central,17-04-2020
281,Shawn Walton,ann99@yahoo.com,West,16-06-2020
282,Randall Bailey,mccannholly@tran-collins.com,South,14-05-2021
283,Jeremy Park,teresaharris@gmail.com,North,29-05-2022
284,Taylor Bradley,hernandezsuzanne@brown-morales.biz,West,29-07-2023
285,Eric Graham,robbinskayla@hernandez.biz,East,08-01-2023
286,William Nguyen,marcushenderson@gomez-carroll.com,East,07-04-2022
287,Michelle Davis,jordanpatrick@quinn.org,North,05-05-2021
288,Christopher Rios,john95@duran.info,Central,09-08-2022
289,Lauren Warren,john03@smith.com,South,17-07-2020
290,Hannah George,jennifer76@rice-davis.info,Central,13-11-2022
291,Wanda Morrison,samanthabraun@gmail.com,North,18-11-2020
292,Michael Pierce,wangcheryl@morgan.com,North,22-03-2022
293,Thomas Arnold,hmorris@yahoo.com,North,28-12-2020
294,Robert Harris,justin65@banks.info,East,10-06-2021
295,Shane Allen,mooneymaria@hotmail.com,South,05-10-2022
296,Michael Shepherd,cameron18@wolfe-gomez.com,South,02-12-2020
297,Krista Marquez,christopher07@gmail.com,North,08-08-2023
298,Nicholas Price,christopher03@yahoo.com,Central,23-09-2022
299,Jared Chen,warrensharon@hotmail.com,Central,01-09-2022
300,Jennifer Mcintyre,vweiss@king-harris.com,South,14-08-2020
301,Dennis Perez,perezyvonne@yahoo.com,West,22-04-2020
302,Jeffrey Burton,crosbyjoann@yahoo.com,West,02-01-2021
303,Jonathon Medina,lisafleming@gmail.com,Central,12-09-2020
304,Brittany Ingram,cbailey@hotmail.com,East,05-03-2020
305,Garrett Meyer,nicholasjohnson@gmail.com,West,16-04-2020
306,Christine Benson,katrinablack@yahoo.com,Central,11-06-2021
307,Brett Cruz,meyerterri@yahoo.com,East,04-04-2023
308,Kathryn Joyce,tinalawrence@mcguire.org,South,05-06-2021
309,Amy Kaufman,iking@wright.com,East,25-09-2022
310,Brian Thompson,darlenepierce@gmail.com,North,05-03-2020
311,William Johnson,vdavis@crosby.com,Central,08-07-2020
312,Haley Rodriguez,lisa66@barber.net,North,07-01-2020
313,Michael Mclaughlin,kelly00@gmail.com,Central,12-05-2021
314,Christopher Allen,samuelflynn@hotmail.com,South,19-11-2020
315,Bruce Eaton,heatherstrickland@gmail.com,Central,17-03-2021
316,Brandon Alvarado,bjackson@conner-harrison.com,North,03-06-2022
317,Catherine Nelson,jlee@gmail.com,East,27-05-2023
318,Julie Parks,wrightcharles@cuevas.biz,Central,01-01-2022
319,Jacob Dunn,housebonnie@robles.org,South,27-10-2023
320,Breanna Sullivan,debracooper@maldonado.com,Central,10-06-2023
321,Brandon Horn,steven03@austin.com,South,17-02-2023
322,Justin Short,jamessmith@hotmail.com,North,01-04-2021
323,Angela Dean,mreed@gmail.com,East,10-09-2023
324,Michael Parker,laguirre@gmail.com,South,25-10-2023
325,Joshua Murphy,ariasdaniel@gmail.com,North,30-03-2021
326,Andrea Watson,davidriley@davis-patton.com,North,05-03-2022
327,Vanessa Vega,richard72@hotmail.com,Central,31-07-2020
328,Sarah Sutton,matthew53@mosley-smith.net,East,01-06-2021
329,Patrick Jacobson,pamelahodges@orozco.net,West,08-02-2023
330,Jeremy Holt,rodriguezlauren@yahoo.com,South,22-09-2021
331,Nicole Barajas,jim00@hotmail.com,East,03-01-2023
332,Taylor Lam,maria34@hotmail.com,Central,07-07-2020
333,Kelly Townsend,michaelkelley@allen-caldwell.com,East,16-10-2022
334,John Hall,joseph50@cameron-thompson.com,East,21-07-2023
335,Ashley Brown,sophia65@mckinney.org,North,30-04-2022
336,Mariah Bowman,lauraoneal@simpson.com,Central,20-02-2020
337,Shawn Aguilar,craigmiller@alvarado.biz,North,05-05-2021
338,Teresa Morris,jeffreybrowning@vance-brown.org,North,17-12-2021
339,Mrs. Jamie Oconnor,jrobbins@ross-scott.com,East,10-07-2023
340,Elizabeth Gutierrez,brownjonathon@jimenez-ramirez.info,North,29-01-2020
341,Christopher Wall,sarah69@hotmail.com,West,01-01-2020
342,Jacob Mckinney,melindahorne@todd.com,West,22-10-2023
343,Katherine Green,stephenmarshall@howe.com,West,20-09-2022
344,Brandi Brown,christopheralvarez@lewis.org,South,27-09-2022
345,Elaine Moore,xsmall@yahoo.com,East,19-12-2021
346,David Ramos,robert93@kemp.com,North,28-01-2020
347,Jill Jones,christopher53@franco-brennan.com,North,19-09-2020
348,Benjamin Williams,gregory99@gmail.com,Central,18-12-2022
349,Alex Jensen,ydean@pace-hernandez.org,Central,09-07-2020
350,Angela Lopez,acollins@williams.com,East,03-03-2021
351,David Chaney,ginarodriguez@hill-cervantes.com,West,31-07-2023
352,Brett Cardenas,qmiller@kramer-rowe.info,South,10-08-2023
353,Jerry Mueller,matthewsaustin@yahoo.com,East,12-10-2020
354,Jennifer Jackson,wwright@gmail.com,Central,06-01-2023
355,Michael Nicholson,etaylor@hotmail.com,West,05-12-2021
356,Peter Mosley,david75@white-moreno.biz,Central,18-06-2022
357,Susan Lambert,richardconner@hotmail.com,West,17-09-2020
358,John Blanchard,cody54@yahoo.com,East,06-09-2020
359,Gerald Johnson,jill98@yahoo.com,East,20-02-2020
360,Tiffany Collins,moorelarry@mercado.com,South,07-12-2021
361,Emily Baker,brian31@brown-russell.com,North,23-03-2022
362,Anna Horn,gibsoncharles@robinson.info,North,05-10-2022
363,Charles Brown,nathanford@stewart-knight.com,East,25-05-2021
364,Melvin Mejia,vprice@soto.com,Central,18-07-2021
365,Danielle Long,sandersmichele@grant.com,West,22-02-2022
366,Sheri Stevens,jennifer51@gmail.com,Central,15-04-2020
367,Kevin Harris,icobb@stephenson-hopkins.info,East,25-08-2020
368,Jeffrey Vincent,jameshill@yahoo.com,West,26-10-2020
369,Megan Berry,zcharles@hoffman-bishop.com,West,30-09-2022
370,Jesse Cook,urodriguez@yahoo.com,South,27-01-2021
371,Derrick Dodson,kaylapowers@carrillo.info,West,11-05-2022
372,Mario Mcneil,aaron68@gmail.com,Central,17-11-2022
373,Mrs. Bailey Fischer MD,odoyle@hotmail.com,West,17-03-2021
374,Cynthia Gonzalez,reednicole@hotmail.com,East,21-10-2022
375,Jennifer Watson,dawn19@briggs.info,North,06-05-2021
376,Tyler Lee,david44@gmail.com,East,24-03-2020
377,Amanda Smith,sarahbryant@strickland.com,East,29-11-2021
378,Alexis Graham,robertdillon@collins-thomas.net,West,11-05-2022
379,Angela Patrick,ljimenez@miller-james.net,North,27-07-2020
380,Christopher Johns,bruce55@hotmail.com,North,19-06-2020
381,Melinda Hill,myerschristine@gmail.com,North,28-11-2020
382,Lisa Mccoy,scottsandra@davis.com,East,17-03-2021
383,Erin Robbins,jaycobb@hotmail.com,West,30-09-2023
384,Debra Daniels,patrick51@yahoo.com,Central,03-01-2021
385,Sarah Welch,xsanchez@yahoo.com,East,01-12-2020
386,Michelle Cain,umitchell@yahoo.com,Central,17-05-2022
387,Joel Smith,herreracolleen@yahoo.com,Central,01-08-2023
388,Rebecca Golden,bsmith@barber.com,West,03-04-2022
389,Amanda Bryant,ann67@cain.net,West,23-07-2023
390,Kristen Coleman,zsmith@mcdonald-hunt.net,West,16-01-2020
391,Julie Leon,gilbertlisa@yahoo.com,West,04-09-2021
392,Thomas Clarke,allenterrell@lamb.com,Central,18-05-2021
393,Joel Lindsey,christopher47@hotmail.com,East,25-12-2021
394,Mr. Robert Melton MD,cheryl74@taylor-armstrong.com,South,31-07-2022
395,Peter Bell,benjaminholland@yahoo.com,East,23-02-2020
396,Richard Martin,brittany88@hotmail.com,Central,27-05-2023
397,Christopher Daniels,scottjason@garcia.com,South,13-04-2022
398,Kenneth Werner,jordannancy@watson.com,East,27-08-2020
399,Mike Cobb,erica12@hotmail.com,North,22-01-2023
400,William Johnston,michaellee@ortiz.com,North,01-09-2022
401,Andre Wiley,angelamiller@gmail.com,East,05-09-2022
402,Dr. Bryan Kerr Jr.,dhorton@yahoo.com,South,03-01-2022
403,Marvin Trujillo,stevennelson@yahoo.com,Central,05-09-2023
404,Michael Webster,ncampbell@hamilton.com,East,13-07-2020
405,Courtney Gross,kristin92@brooks-lopez.info,North,10-12-2022
406,Anna Johnson,lramirez@gmail.com,North,01-09-2020
407,Scott Richardson,dsellers@gmail.com,West,01-03-2023
408,Ashley Moore,knappmatthew@morris-clark.org,North,23-10-2021
409,Latasha Cole,nmcclain@garrison.com,Central,23-07-2020
410,Michelle Moore,catherine74@hotmail.com,East,20-09-2021
411,Jeanne Myers,jason05@hotmail.com,North,02-01-2023
412,Daniel Phillips,anthony55@anderson.com,East,06-12-2022
413,Bryan Whitney,floressusan@yahoo.com,West,28-05-2021
414,Jennifer Vargas,nguyenmorgan@freeman-deleon.net,North,08-06-2023
415,Matthew Gardner,tmiller@evans-scott.com,West,05-09-2021
416,Sharon Reilly,james91@ortega-perry.com,East,25-02-2022
417,Holly Kim,millstimothy@gmail.com,South,30-04-2023
418,Antonio Hopkins,wendyvaldez@gmail.com,North,24-03-2022
419,Sharon Miller,xgonzalez@yahoo.com,North,14-04-2023
420,Andrew Robertson,renee00@french.org,East,29-11-2020
421,James Arroyo,hortonanthony@bowen-hood.net,South,22-11-2020
422,Sarah Duffy,christopher42@gmail.com,South,24-10-2020
423,Cindy Jacobs,paulrobinson@gmail.com,North,20-07-2021
424,Heather Morton,pbailey@page.com,West,06-08-2022
425,Leslie Boyer,sydneyrobinson@gmail.com,South,23-10-2020
426,Debra Reynolds,robindennis@downs.org,Central,12-03-2020
427,Michelle Lyons,robertherman@reilly.com,East,04-03-2021
428,Bryan Brown,vmiller@chaney.com,Central,13-01-2021
429,Kristen Miles,toddchristine@hall-crawford.com,East,24-08-2023
430,Rebekah Bishop MD,calvin25@parker.com,South,04-10-2022
431,Michael Miller,ashley96@hotmail.com,Central,03-06-2020
432,Mary Summers,joseph76@martinez.net,West,09-06-2021
433,Kristen Zimmerman,veronicahowe@hotmail.com,East,15-04-2023
434,Kayla Lopez DVM,chutchinson@yahoo.com,East,03-04-2023
435,Melissa King,hendersoncatherine@gmail.com,Central,22-10-2022
436,Thomas Pham,cynthiastrickland@gmail.com,Central,02-12-2021
437,Stephen Benton,nelsonkayla@allen.com,North,13-09-2020
438,Aaron Garcia,richard34@stanton.com,North,09-10-2023
439,Todd Kim,lewiskevin@yahoo.com,South,07-10-2021
440,Jonathan Duncan,andrewsbryan@hotmail.com,West,09-08-2020
441,Heather Dixon,zanthony@yahoo.com,Central,31-03-2022
442,Diana Barnes,ecarter@gmail.com,Central,09-03-2023
443,Stephen Davis,jennifer27@miller.com,Central,29-08-2021
444,Kevin Reid,collinsdarryl@hotmail.com,South,16-04-2023
445,Stephanie Peterson,michael16@estrada.biz,West,26-08-2020
446,Emily Nguyen,vford@huffman.com,North,01-11-2023
447,Jeffrey Taylor,jillianbarton@weaver.org,West,30-05-2022
448,John Haney,millerandrew@ellison.biz,North,09-05-2023
449,Matthew Mendoza,danielleowens@gonzalez.com,South,01-04-2022
450,Daniel Chase,qmiller@gmail.com,Central,08-01-2023
451,Jeremiah Norton,christopherblack@walker.info,East,21-09-2022
452,Melissa Hernandez,youngjennifer@yahoo.com,South,12-03-2021
453,Alexandra Vaughn,paul03@heath.biz,South,14-03-2020
454,Phillip Burch,amanda72@frazier.info,Central,31-12-2020
455,Sherry Wheeler,marie58@gmail.com,South,29-03-2022
456,Amy Smith,tolson@becker-hughes.com,North,19-01-2022
457,Katie Carter,jose19@wu.com,East,18-06-2020
458,Ronnie Gill,gregorypayne@carlson.biz,Central,03-11-2021
459,Taylor Hernandez,bernard45@evans-hill.info,North,20-09-2021
460,Dakota Johnson,othomas@grimes.com,East,19-03-2022
461,Cindy Mcdonald,michaeljohnston@yahoo.com,Central,01-05-2023
462,Erin Rush,vazquezsavannah@hotmail.com,South,20-02-2021
463,Randy Gaines,stacey74@gmail.com,West,22-01-2022
464,Lisa Mills,seanstevens@arnold-frank.biz,East,30-04-2021
465,Jasmine Pacheco,cherylmathews@davis-henry.com,West,25-01-2020
466,Carrie Lin,rsanchez@bailey.com,South,08-07-2020
467,Peter Sheppard,leemark@richards.net,North,21-07-2020
468,Mr. Edward White,suzanne24@hotmail.com,Central,03-11-2021
469,Joyce Arias,ashleymoore@hotmail.com,Central,16-02-2022
470,Joshua Williamson,wilsontimothy@alexander.com,East,21-11-2020
471,Shelia Martin,gwright@yahoo.com,Central,01-01-2021
472,Kimberly Richards,amanda44@johnson.biz,South,30-08-2020
473,Karen Todd,guzmanmary@harding.com,Central,26-02-2020
474,Amber Brown,sandraharris@hotmail.com,Central,29-08-2022
475,Troy Pope,katherine27@bradley-bowen.com,West,14-05-2021
476,Benjamin Rivera,ashleymitchell@hotmail.com,East,27-03-2020
477,Kimberly Sanchez,ryan33@delacruz.org,Central,17-02-2022
478,Jessica Kennedy,jcastaneda@andersen.biz,Central,01-03-2022
479,Steven Solomon,curtispatel@hotmail.com,North,07-10-2021
480,Mark Vargas,jennyevans@hotmail.com,West,08-02-2023
481,Chad Smith,wbrown@yahoo.com,Central,03-07-2021
482,Robert Rodriguez,kirk73@ford-freeman.com,Central,21-04-2021
483,Michele Brown,raymond06@hamilton.com,South,29-07-2023
484,Roger Miller,westjose@yahoo.com,North,05-10-2020
485,Joe Myers,msimpson@yahoo.com,East,05-09-2023
486,Julie Smith,gloverkendra@hotmail.com,South,31-05-2021
487,Matthew Shaw,alexander16@lam.biz,West,27-09-2021
488,Paul Franklin,eddiejones@hotmail.com,East,03-10-2022
489,Anne Carter,uzimmerman@yahoo.com,West,13-06-2020
490,Jonathan Williams,barbara41@yahoo.com,West,08-02-2021
491,William Morris,joshua34@gmail.com,East,12-09-2023
492,David Jenkins,robin11@gmail.com,East,16-04-2023
493,Alison Lyons,ykline@bell.com,Central,22-05-2022
494,Jason Flores,dennis96@hotmail.com,West,02-05-2020
495,Jessica Molina,miguel56@larson-miller.info,East,10-07-2022
496,Aaron Porter,richardsontodd@brown-miller.com,North,03-10-2022
497,Gabriel Ramirez,anna65@gmail.com,East,07-01-2023
498,Michael Miller,robin44@yahoo.com,West,10-06-2023
499,Joseph Vang,rosalesbeth@gmail.com,East,14-08-2022
500,Julia Murray,brian79@harding.com,West,13-05-2022
